sledilec,zasledovani
bcateri,fhrishchenko8
ochavezd,apollendineo
bjacson3,cdoerrling2
bjacson3,omacqueen4
rlandells1,ogabbitusl
nruggsg,amccalumn
creddleq,keveristp
btillingb,skryszka7
zburnsydec,fhrishchenko8
cdoerrling2,ogabbitusl
jsummersonf,cmottrama
sgoodbairnm,cmottrama
skryszka7,bjacson3
btillingb,meadyk
apollendineo,bcateri
forknays,bsharriert
egooldingr,jbleby9
meadyk,apollendineo
skryszka7,fhrishchenko8
keveristp,bgaudon6
cmottrama,bjacson3
jbleby9,egooldingr
meadyk,epotkinh
omacqueen4,bsharriert
dlynds0,sfarge5
nruggsg,btillingb
nruggsg,creddleq
jsummersonf,fhrishchenko8
jsummersonf,nruggsg
btillingb,sgoodbairnm
ogabbitusl,jbleby9
mnoorj,omacqueen4
zburnsydec,skryszka7
bcateri,egooldingr
cmottrama,sgoodbairnm
mnoorj,sgoodbairnm
sgoodbairnm,epotkinh
jsummersonf,ogabbitusl
bsharriert,ochavezd
creddleq,ogabbitusl
rlandells1,creddleq
meadyk,rlandells1
apollendineo,bgaudon6
meadyk,forknays
sgoodbairnm,skryszka7
mnoorj,amccalumn
amccalumn,mnoorj
sfarge5,jbleby9
jsummersonf,jbleby9
rlandells1,bgaudon6
skryszka7,cdoerrling2
omacqueen4,jbleby9
btillingb,amccalumn
forknays,epotkinh
keveristp,egooldingr
meadyk,keveristp
omacqueen4,creddleq
bcateri,mnoorj
amccalumn,cmottrama
skryszka7,epotkinh
ochavezd,jbleby9
bsharriert,epotkinh
ogabbitusl,dlynds0
zburnsydec,ogabbitusl
jbleby9,sgoodbairnm
smcenhille,cdoerrling2
forknays,smcenhille
jbleby9,sfarge5
mnoorj,egooldingr
ochavezd,cmottrama
cdoerrling2,smcenhille
amccalumn,apollendineo
ogabbitusl,cmottrama
btillingb,forknays
bcateri,amccalumn
egooldingr,dlynds0
bjacson3,creddleq
zburnsydec,sgoodbairnm
bsharriert,cmottrama
amccalumn,bgaudon6
fhrishchenko8,bgaudon6
sgoodbairnm,ochavezd
rlandells1,fhrishchenko8
jsummersonf,bgaudon6
creddleq,zburnsydec
smcenhille,meadyk
cmottrama,bgaudon6
meadyk,bgaudon6
